Indice;User;Repository;Issues Abertos;Issues Fechados;Issues Bug Abertos;Issues Bug Fechados;Followers Owner;Following Owner;Forks;Watchers;Kylobytes
0;mojombo;grit;2;187;0;4;18377;11;450;1855;7954
1;rubinius;rubinius;205;3289;0;0;0;0;582;2474;205366
2;mojombo;god;101;119;0;0;18377;11;441;1829;3122
3;defunkt;ambition;2;0;0;0;14614;208;13;141;473
4;technoweenie;restful-authentication;28;5;0;0;2163;17;275;1635;1208
5;technoweenie;attachment_fu;36;16;0;0;2163;17;291;1033;1008
6;topfunky;bong;2;0;0;0;1081;199;4;60;123
7;anotherjesse;s3;2;0;0;0;120;31;6;22;393
8;anotherjesse;taboo;1;0;0;0;120;31;9;20;781
9;anotherjesse;foxtracs;2;0;0;0;120;31;0;4;135
10;macournoyer;thin;75;203;0;0;732;51;242;1648;3306
11;jamesgolick;resource_controller;11;1;0;0;543;30;92;509;776
12;jamesgolick;enum_field;2;1;0;0;543;30;13;54;131
13;defunkt;cache_fu;6;0;0;0;14614;208;67;262;105
14;bmizerany;sinatra;2;5;0;0;960;16;1276;887;8111
15;defunkt;mofo;0;1;0;0;14614;208;16;88;223
16;schacon;ruby-git;112;131;0;0;10399;21;307;981;3181
17;abhay;calais;6;7;0;0;34;0;50;136;349
18;mojombo;chronic;90;222;26;26;18377;11;324;2290;1476
19;sr;git-wiki;7;3;0;0;426;157;237;518;2301
20;queso;signal-wiki;2;0;0;0;202;21;12;69;3438
21;drnic;ruby-on-rails-tmbundle;32;24;0;0;1448;13;147;932;2337
22;danwrong;low-pro-for-jquery;2;0;0;0;294;31;15;139;350
23;mojombo;yaws;1;0;0;0;18377;11;6;37;808
24;grempe;amazon-ec2;17;15;0;0;31;0;111;436;2628
25;wayneeseguin;merblogger;1;0;0;0;608;16;1;16;6900
26;wayneeseguin;alogr;1;0;0;0;608;16;0;8;124
27;wayneeseguin;autozest;1;0;0;0;608;16;0;4;276
28;wycats;merb-plugins;2;0;0;0;6558;3;63;215;7064
29;atmos;fitter_happier;1;1;0;0;928;164;1;3;135
30;brosner;oebfare;0;1;0;0;572;109;4;42;2826
31;cristibalan;braid;0;28;0;0;65;35;27;366;718
32;jnicklas;uploadcolumn;1;0;0;0;658;7;6;31;1254
33;engineyard;eycap;4;42;0;0;0;0;54;120;1112
34;chneukirchen;gitsum;1;1;0;0;485;1;11;55;96
35;sevenwire;forgery;10;65;0;0;0;0;88;678;1043
36;lazyatom;soup;0;1;0;0;126;17;6;18;1062
37;josh;rails;0;1;0;0;1525;64;2;29;117608
38;cdcarter;backpacking;1;0;0;0;9;0;5;41;179
39;jnewland;capsize;1;1;0;0;413;84;10;40;253
40;sr;ape;1;0;0;0;426;157;0;7;368
41;collectiveidea;audited;93;135;1;1;0;0;304;1261;1587
42;collectiveidea;acts_as_geocodable;11;22;0;0;0;0;31;207;790
43;collectiveidea;acts_as_money;1;0;0;0;0;0;15;42;97
44;collectiveidea;random_finders;0;1;0;0;0;0;2;12;96
45;collectiveidea;with_action;2;0;0;0;0;0;2;24;431
46;collectiveidea;graticule;16;31;0;0;0;0;48;290;921
47;collectiveidea;tinder;14;61;0;0;0;0;93;251;780
48;macournoyer;invisible;1;0;0;0;732;51;6;49;206
49;adamwiggins;rush;16;5;0;0;552;16;79;454;894
50;mtodd;halcyon;0;1;0;0;341;257;6;61;1274
51;tommorris;reddy;1;0;0;0;169;62;3;49;600
52;defunkt;facebox;28;23;0;0;14614;208;423;1950;1174
53;haml;haml;44;807;0;0;0;0;451;2795;19735
54;rsanheim;brain_buster;0;2;0;0;134;30;13;60;208
55;mojombo;vanhelsing;1;0;0;0;18377;11;3;23;3926
56;scharfie;slate;1;0;0;0;14;4;7;43;8866
57;drnic;newjs;1;0;0;0;1448;13;4;19;474
58;sferik;twitter;42;682;0;16;1794;116;830;3327;26717
59;jnunemaker;googlebase;0;1;0;0;1239;158;3;22;291
60;jnunemaker;googlereader;0;1;0;0;1239;158;5;29;145
61;jnunemaker;scrobbler;1;1;0;0;1239;158;52;48;181
62;DocSavage;rails-authorization-plugin;5;0;0;0;50;15;36;247;651
63;delynn;userstamp;14;10;0;0;25;12;132;173;198
64;gnufied;packet;0;1;0;0;117;96;5;37;195
65;reinh;jquery-autocomplete;5;1;0;0;143;0;19;96;284
66;KirinDave;fuzed-old;1;0;0;0;268;8;1;14;492
67;toretore;barby;3;47;0;0;28;4;92;456;1326
68;drnic;jsunittest;2;0;0;0;1448;13;11;48;539
69;tobi;delayed_job;47;18;0;0;527;44;1006;2045;4838
70;nullstyle;ruby-satisfaction;0;1;0;0;71;8;3;13;252
71;robbyrussell;rubyurl;4;2;0;0;1010;29;40;201;4160
72;trevorturk;eldorado;1;10;0;0;270;84;39;237;11954
73;rsl;stringex;9;165;0;0;49;9;130;881;1837
74;caffo-archived;bookqueue;0;7;0;0;0;0;10;39;4245
75;judofyr;gemify;4;4;0;0;241;53;2;20;484
76;jackdempsey;attachmerb_fu;1;0;0;0;64;5;4;18;123
77;anotherjesse;elasticfox;1;0;0;0;120;31;2;9;182
78;collectiveidea;awesome_nested_set;65;249;0;0;0;0;379;1640;1770
79;kevinansfield;viper;1;0;0;0;12;0;0;2;4440
80;lachie;logeye;1;0;0;0;55;28;0;5;231
81;pfig;yeti;1;0;0;0;37;25;0;2;380
82;stevedekorte;io;75;230;0;0;446;12;200;1327;30241
83;andykent;jquery-humanize-messages-plugin;1;1;0;0;62;1;4;29;83
84;avalade;4slicer;1;0;0;0;10;11;0;2;212
85;rtomayko;date-performance;3;1;0;0;1792;100;6;78;335
86;churchio;onebody;45;480;5;114;0;0;223;1201;33299
87;TekNoLogic;TourGuide;3;45;0;0;0;0;19;13;4097
88;ELLIOTTCABLE;fora;0;2;0;0;275;683;0;9;160
89;seaofclouds;micro-theme;2;0;0;0;126;24;0;5;116
90;alex;pyelection;1;0;0;0;2088;41;0;2;92
91;sintaxi;pmpknpi;1;0;0;0;416;45;2;20;463
92;mislav;will_paginate;101;348;3;19;1672;20;687;4451;2494
93;caius;soco;1;0;0;0;125;135;1;4;470
94;lsegal;yard;63;830;0;0;314;0;184;995;12870
95;joseph;castanaut;4;2;0;0;71;25;16;37;261
96;drnic;ruby-tmbundle;8;11;0;0;1448;13;51;168;1156
97;drnic;html-tmbundle;0;1;0;0;1448;13;92;42;626
98;noin;orb;1;0;0;0;1;0;0;3;780
99;sprinkle-tool;sprinkle;10;190;0;0;0;0;160;1171;2722
100;gilesbowkett;utility-belt;5;2;0;0;371;17;22;90;236
101;dpetersen;ruby-screen;1;0;0;0;16;5;0;6;172
102;mascarenhas;luaclr;1;0;0;0;50;13;2;26;370
103;chuyeow;facon;0;4;0;0;89;40;10;37;239
104;Norgg;rubynomic;1;0;0;0;22;21;0;4;84
105;lukeredpath;clickatell;8;4;0;0;439;7;58;151;327
106;ctran;annotate_models;22;252;0;39;24;2;254;1844;1791
107;daly;axiom;3;1;0;0;16;0;9;61;500664
108;haberman;gazelle;2;0;0;0;136;2;13;144;830
109;bousquet;tableau;1;0;0;0;18;13;4;16;347
110;davemerwin;blue-channel;1;0;0;0;25;29;4;39;8975
111;davemerwin;jquery;3;0;0;0;25;29;5;46;2432
112;slim;bazdig;1;1;0;0;31;52;2;7;367
113;defunkt;github-gem;60;42;3;4;14614;208;174;1024;987
114;pjay;mediabumper;1;0;0;0;12;27;1;6;2369
115;lvaruzza;cl-randist;2;7;0;0;5;3;4;7;239
116;lmarlow;gemedit;1;7;0;0;12;36;4;101;217
117;aasm;aasm;42;213;3;27;0;0;303;1976;2801
118;ebassi;json-glib;0;1;0;0;43;2;6;26;2166
119;scrooloose;vimfiles;5;6;0;0;842;19;501;600;1973
120;fightinjoe;fightinjoe-merb-blog;1;0;0;0;9;0;0;5;7120
121;crafterm;capture;1;0;0;0;130;106;2;5;183
122;heycarsten;email-veracity;2;3;0;0;86;75;11;133;372
123;nathansobo;treetop;0;39;0;0;461;2;88;841;4500
124;shadoi;puppet;1;0;0;0;16;12;2;16;7727
125;Jakobo;snaptest;3;5;0;0;84;42;2;23;1416
126;dustin;java-memcached-client;13;16;0;0;687;19;251;394;9572
127;seaofclouds;good-browser-bad-browser;1;0;0;0;126;24;0;5;3280
128;dustin;buildwatch;1;1;0;0;687;19;4;13;3468
129;dchelimsky;rspec;17;55;0;0;587;7;175;1792;18518
130;tommorris;n3-tmbundle;0;1;0;0;169;62;6;6;92
131;osteele;functional-javascript;1;7;0;0;235;0;31;265;561
132;mephistorb;mephisto;0;1;0;0;0;0;108;270;5055
133;nicksieger;stickshift;1;0;0;0;203;14;0;11;124
134;benwyrosdick;ruby-awareness-api;2;0;0;0;17;8;1;8;123
135;ctrochalakis;django-threadedcomments;1;0;0;0;53;23;3;24;236
136;gnu-lorien;crack-attack;1;0;0;0;2;1;4;11;2324
137;larssg;score-keeper;2;8;0;0;6;2;4;26;12798
138;jnewland;resource_this;1;0;0;0;413;84;9;49;270
139;jruby;warbler;116;225;0;0;0;0;157;673;50532
140;calumr;flurry;0;3;0;0;0;0;4;10;358
141;ci-reporter;ci_reporter;7;149;0;0;0;0;113;310;841
142;pingswept;pysolar;10;25;0;0;30;37;36;68;4680
143;r38y;ck_fu;2;0;0;0;40;47;5;67;463
144;vito;uploader;1;0;0;0;152;7;1;7;110
145;Caged;gitnub;10;1;0;0;771;33;50;1060;3506
146;seangeo;ratom;7;25;0;0;15;5;28;94;615
147;ELLIOTTCABLE;ruby-svg;0;1;0;0;275;683;2;9;195
148;brynary;webrat;20;15;0;0;488;28;288;1568;58998
149;joshknowles;rspec-on-rails-matchers;2;1;0;0;85;43;33;174;85
150;ozamosi;tomboy-blogposter;1;0;0;0;10;1;3;10;139
151;nickb;yahtzee;2;0;0;0;1;0;5;2;127
152;ruphy;oxy-cursors;2;0;0;0;9;4;0;2;4060
153;clee;mobilepushr;1;0;0;0;21;37;7;34;376
154;technoweenie;mephisto;1;0;0;0;2163;17;37;212;4859
155;bruce;keyword_search;0;4;0;0;118;15;17;92;193
156;ActsAsParanoid;acts_as_paranoid;15;20;0;0;0;0;99;538;739
157;technoweenie;acts_as_versioned;17;4;0;0;2163;17;147;412;505
158;technoweenie;permalink_fu;0;2;0;0;2163;17;75;279;160
159;technoweenie;viking;0;1;0;0;2163;17;5;53;131
160;yuri;sputnik;6;5;0;0;44;1;11;57;4690
161;kerryb;jquery_spike;1;0;0;0;41;14;0;2;204
162;sunny;daylist;0;1;0;0;89;75;2;9;125
163;ruphy;tagua;1;0;0;0;9;4;1;4;9940
164;patmaddox;no-peeping-toms;6;22;0;0;137;3;37;134;228
165;patmaddox;rspec-plugin-generator;2;0;0;0;137;3;4;51;407
166;bfolkens;hostipfox-firefox-plugin;1;0;0;0;4;13;0;4;280
167;simonpk;j2me-oauth;2;0;0;0;4;0;18;29;167
168;JackDanger;immutable_attributes;3;1;0;0;291;102;6;19;386
169;JackDanger;permanent_records;4;47;0;0;291;102;42;185;1553
170;Fudge;gltrail;1;0;0;0;21;0;7;36;151
171;virtuoso;koowaldah;5;3;0;0;8;7;0;9;1938
172;drnic;rubigen;6;11;0;0;1448;13;20;73;509
173;drnic;newgem;11;8;1;1;1448;13;18;126;1241
174;composite-primary-keys;composite_primary_keys;31;293;0;0;0;0;197;455;3078
175;spejman;rails-generator-generator;0;1;0;0;46;39;1;13;77
176;gregwebs;jquery-uitableedit;1;1;0;0;92;2;8;19;324
177;gregwebs;jquery-uitablefilter;4;8;0;0;92;2;19;53;243
178;pcapriotti;skema;1;0;0;0;45;0;1;3;124
179;timburks;nu;26;49;0;0;361;16;228;1898;5107
180;dwillis;fumblerooski;1;0;0;0;365;99;3;34;5112
181;jonner;agave2;0;1;0;0;0;0;0;2;352
182;sbecker;asset_packager;27;2;0;0;40;23;93;544;4441
183;minimagick;minimagick;5;324;0;11;0;0;221;1544;4063
184;jrun;rstack;2;0;0;0;14;10;0;6;412
185;kemayo;maphilight;39;21;0;0;128;6;137;261;925
186;andykent;polypage;9;2;1;1;62;1;16;211;282
187;scharfie;gabby;1;0;0;0;14;4;0;4;1332
188;jonmagic;optik;0;1;0;0;149;38;1;3;2370
189;nakajima;aintablog;2;0;1;0;568;115;18;129;4193
190;mig;gedit-themes;11;4;0;0;39;6;113;263;368
191;kballard;textmate-bundles;0;1;0;0;279;17;22;85;45813
192;github-archive;media;1;1;0;0;0;0;57;276;4484
193;ndarilek;rb-gps;1;0;0;0;6;0;2;13;146
194;dagbrown;flooterbuck;0;2;0;0;6;3;5;10;757
195;gabriel;capitate;4;0;0;0;284;37;7;82;453
196;scrooloose;nerdtree;232;247;10;8;842;19;587;5132;2325
197;scrooloose;nerdcommenter;111;92;0;0;842;19;219;1596;1307
198;spree;spree;173;6529;0;0;0;0;3157;6693;139328
199;Ramarren;cl-geometry;0;1;0;0;45;1;5;18;168
200;tomtt;emacs-rails;2;1;0;0;18;12;46;64;945
201;dfischer;rspec-haml-scaffold-generator;1;0;0;0;88;28;10;68;213
202;radar;rboard;0;3;0;0;1137;4;31;310;9535
203;freels;radiant-extensions;0;1;0;0;90;45;3;16;245
204;DrMark;ultrasphinx;1;0;0;0;7;2;5;23;3528
205;sudara;alonetone;26;101;4;28;38;1;40;170;53952
206;matschaffer;mechaflickr;1;0;0;0;148;10;0;2;144
207;mleung;feather;1;0;0;0;21;2;16;136;2853
208;JackDanger;alphadecimal;1;1;0;0;291;102;6;60;250
209;topfunky;gruff;46;87;10;20;1081;199;148;742;80410
210;topfunky;sparklines;8;1;0;0;1081;199;20;161;286
211;rgrove;thoth;3;6;1;1;420;19;7;70;1897
212;defunkt;gibberish;1;0;0;0;14614;208;7;34;335
213;lukemelia;webrat;1;0;0;0;143;8;0;3;124
214;defunkt;cheat;3;13;0;0;14614;208;43;216;235
215;defunkt;sake;2;0;0;0;14614;208;7;79;229
216;defunkt;nginx_config_generator;2;0;0;0;14614;208;23;120;97
217;defunkt;acts_as_textiled;4;0;0;0;14614;208;31;117;333
218;jackdempsey;acts_as_commentable;12;53;0;0;64;5;92;728;379
219;scrooloose;sokoban;1;0;0;0;842;19;2;5;153
220;melo;notification-watcher;1;0;0;0;205;164;2;5;84
221;benschwarz;open-uri-memcached;1;0;0;0;536;48;4;24;157
222;harrisj;qrencoder;4;9;0;0;134;4;12;43;192
223;sunny;wubmail;0;2;0;0;89;75;0;4;108
224;francois;piston;7;4;0;0;72;2;24;119;2855
225;eklitzke;mehfil-scraper;2;0;0;0;92;103;0;5;76
226;jm;rails-wiki;1;0;0;0;458;31;2;21;6200
227;sco;fakebook;1;0;0;0;282;251;3;36;371
228;mully;redmine_google_calendar;1;0;0;0;13;4;17;25;92
229;TekNoLogic;GreedBeacon;0;8;0;0;0;0;2;6;269
230;taf2;rb-brill-tagger;2;0;0;0;81;20;4;40;1095
231;tablatom;hobo;5;47;0;0;68;1;86;258;23544
232;ryanb;searchify;1;0;0;0;6351;95;3;39;153
233;al3x;downforeveryoneorjustme;2;0;0;0;988;50;9;70;283
234;rbriski;asvab;1;0;0;0;3;0;0;2;124
235;lachie;molly;1;0;0;0;55;28;0;2;156
236;seaofclouds;sass-textmate-bundle;15;6;0;0;126;24;119;304;628
237;maddox;aim_status_helper;1;0;0;0;454;5;1;5;207
238;arclanguage;anarki;2;22;0;0;0;0;129;705;4424
239;segfault;ruby-hl7;2;1;0;0;28;14;69;82;247
240;psychs;limechat;159;112;0;0;325;49;233;1002;16489
241;kballard;six;0;1;0;0;279;17;9;18;216
242;timcharper;calendar_date_select;13;32;0;0;129;24;177;434;892
243;mudge;python-delicious;0;1;0;0;56;15;24;23;113
244;mudge;collapsing-puzzle;0;1;0;0;56;15;1;3;132
245;mdarby;restful_acl;1;10;0;0;70;20;15;124;1653
246;pjhyett;auto_migrations;2;1;0;0;8071;34;30;138;118
247;mislav;contacts;4;2;0;0;1672;20;71;262;593
248;courtenay;can_flag;2;0;0;0;171;10;9;47;151
249;jm;dcov;0;1;0;0;458;31;0;7;150
250;carlosbrando;custom_resource_name;1;0;0;0;509;32;0;24;96
251;herzi;monkey-bubble;1;0;0;0;10;2;0;3;5208
252;ianloic;wordpress-svn;1;0;0;0;93;35;0;9;8469
253;nimblemachines;muforth;2;3;0;0;8;0;8;29;6136
254;sunny;edith;4;19;0;0;89;75;7;27;3024
255;jicksta;methodphitamine;4;3;0;0;71;9;6;17;162
256;schacon;ticgit;2;16;0;0;10399;21;79;396;1717
257;dwillis;thescoop;1;0;0;0;365;99;0;3;160
258;voodootikigod;quickticket;1;0;0;0;491;99;2;4;228
259;astubbs;wicket-contrib-groovy;1;0;0;0;21;11;0;3;260
260;mileszs;dotfiles;1;0;0;0;91;43;5;22;1194
261;caring;acts_as_url_param;1;0;0;0;0;0;3;10;281
262;norbert;has_uuid;0;1;0;0;48;66;6;16;135
263;jchris;couchrest;7;1;0;0;518;42;207;423;3386
264;TekNoLogic;Ampere;0;8;0;0;0;0;1;10;171
265;kneath;hemingway;2;0;0;0;974;36;16;96;238
266;rgrove;cssmin;3;5;1;1;420;19;5;39;141
267;brendan;webult;1;0;0;0;29;20;0;2;256
268;stevenbristol;lovd-by-less;1;1;0;0;78;20;117;559;4320
269;drd;lumber-mill;1;0;0;0;36;27;0;2;136
270;kig;metadata;2;0;0;0;186;1;12;64;410
271;DotNetOpenAuth;DotNetOpenAuth;75;304;0;0;0;0;546;974;131399
272;jcfischer;make_resourceful;1;0;0;0;37;15;4;40;280
273;osteele;cl-spec;1;0;0;0;235;0;0;13;140
274;tarcieri;reia;8;14;0;0;669;22;29;697;11753
275;mbleigh;acts-as-taggable-on;118;562;0;0;559;32;743;3385;3130
276;vlarsen;chinesepoker;0;1;0;0;6;12;0;5;1592
277;herzi;git2dot;0;1;0;0;10;2;1;4;110
278;jcrosby;cloudkit;2;2;0;0;126;17;23;317;4798
279;cardmagic;contacts;33;18;0;0;138;9;220;599;437
280;cardmagic;starfish;1;0;0;0;138;9;6;38;188
281;shayarnett;merbums;1;0;0;0;64;30;2;31;147
282;rgrove;jsmin;0;2;0;0;420;19;7;53;260
283;aussiegeek;ruby-sass-tmbundle;4;1;0;0;48;11;30;107;201
284;gnosek;nginx-upstream-fair;11;7;0;0;45;1;49;263;186
285;myabc;nbgit;1;0;0;0;136;195;9;189;4755
286;captproton;i-like-local;1;0;0;0;8;22;0;3;3076
287;archaelus;erlirc;3;1;0;0;154;28;13;43;470
288;archaelus;errd;0;1;0;0;154;28;10;20;249
289;nathansobo;hyperarchy;5;3;0;0;461;2;2;12;32628
290;queso;sitemap;1;0;0;0;202;21;9;97;431
291;TekNoLogic;Cork;13;95;0;0;0;0;23;23;1975
292;mbleigh;princely;3;40;0;0;559;32;76;207;446
293;lukec;cpan-selenium-rc-perl;6;4;0;0;105;18;11;29;462
294;blynn;pbc;5;1;0;0;64;0;9;24;1306
295;karl;monket-calendar;1;0;0;0;6;0;1;4;864
296;brennandunn;preference_fu;3;0;0;0;51;7;8;47;145
297;nickpad;timedcache;0;1;0;0;5;2;2;4;213
298;mdarby;scribd_fu;6;19;0;0;70;20;37;78;803
299;toolmantim;webjam;0;1;0;0;233;61;0;5;7936
300;denis;capone;0;4;0;0;25;36;0;5;151
301;bumi;find_by_param;0;5;0;0;153;254;9;30;147
302;ciaran;tm-completion;4;0;0;0;139;2;5;43;102
303;jruby;activerecord-jdbc-adapter;44;641;0;0;0;0;275;378;113701
304;ezmobius;acl_system2;1;1;0;0;425;13;14;58;113
305;bborn;communityengine;8;290;0;0;63;4;335;1119;15991
306;collectiveidea;action_mailer_optional_tls;1;1;0;0;0;0;26;142;131
307;jamis;net-ssh-gateway;0;3;0;0;745;0;16;22;148
308;schmidt;contextr;1;0;0;0;45;38;3;10;2318
309;mmower;platform;0;2;0;0;41;0;3;6;124
310;Ramarren;lisa;1;0;0;0;45;1;0;5;1908
311;rory;python-osm;0;1;0;0;15;21;21;12;147
312;JackDanger;simple_memoize;1;0;0;0;291;102;6;22;357
313;mmower;mailtrap;2;6;0;0;41;0;12;64;256
314;jomz;radiant-site_language-extension;0;1;0;0;38;12;0;4;522
315;sstephenson;prototype;88;212;9;3;2580;24;521;3022;13698
316;sstephenson;sprockets;19;682;0;45;2580;24;19;2724;7275
317;dugb;php-solunar;3;0;0;0;2;0;3;7;528
318;shibu;pyspec;1;0;0;0;1;0;0;5;258
319;openminds;deep_cloning;1;0;0;0;0;0;15;63;93
320;trey;site-template;1;0;0;0;92;101;0;23;500
321;phusion;passenger;152;1449;0;0;0;0;389;3148;50280
322;tsgates;git-emacs;14;8;0;0;54;0;42;169;4235
323;mattmccray;comatose;1;3;0;0;22;0;54;201;359
324;jamis;net-ssh-multi;1;0;0;0;745;0;13;39;162
325;rsl;proxy_attributes;1;0;0;0;49;9;0;10;468
326;BrianTheCoder;jquery-keyboard-navigation;2;0;0;0;64;33;1;12;86
327;timcharper;rubyamp;2;6;0;0;129;24;10;124;543
328;cout;ruby-internal;3;3;0;0;36;18;0;50;1319
329;jbarnette;johnson;18;26;0;0;582;72;24;468;3739
330;vanpelt;merb_facebooker;1;0;0;0;49;13;13;35;114
331;TekNoLogic;Blipstick;1;7;0;0;0;0;1;6;569
332;brendanlim;sms-fu;12;5;0;0;125;76;113;302;372
333;Squeegy;fleximage;9;8;0;0;30;0;49;250;16483
334;nkallen;screw-unit;4;0;0;0;360;6;20;268;227
335;zackchandler;trustcommerce;1;0;0;0;12;0;6;14;147
336;jeremyevans;sequel;0;1075;0;0;312;0;417;2168;50867
337;halfbyte;minitowel;1;0;0;0;120;6;0;3;380
338;ezmobius;nanite;15;18;0;0;425;13;61;762;29179
339;mbleigh;ruby-github;2;1;0;0;559;32;8;61;272
340;floere;james;3;10;0;0;111;35;16;130;3504
341;dennisreimann;masquerade;1;33;0;8;364;60;40;232;6206
342;kr;beanstalkd;98;177;0;27;624;22;357;2701;2213
343;oneup;puituniverse;1;0;0;0;23;14;1;14;2721
344;jmettraux;rufus-verbs;1;4;0;0;275;267;2;10;251
345;jmettraux;rufus-lru;0;2;0;0;275;267;4;10;278
346;jmettraux;rufus-scheduler;6;158;0;4;275;267;102;1248;2887
347;openminds;ruby-mollom;1;2;0;0;0;0;4;14;323
348;mbleigh;seed-fu;36;61;0;0;559;32;120;784;636
349;madrobby;scriptaculous;33;12;0;0;2055;14;486;2365;2685
350;tekkub;wow-ui-source;0;8;0;0;5531;91;104;199;24223
351;kassoulet;soundconverter;0;11;0;0;1;1;12;41;4054
352;pezra;resourceful;0;1;0;0;31;1;11;19;540
353;mmower;bishop;2;0;0;0;41;0;6;23;112
354;sprsquish;crypt--xxtea;2;0;0;0;121;57;4;6;92
355;insoshi;insoshi;2;2;0;0;72;0;569;1585;25401
356;dxoigmn;achilles;1;0;0;0;15;3;2;7;506
357;robey;configgy;8;42;0;0;470;14;28;164;3339
358;jamesgolick;attribute_fu;4;1;0;0;543;30;18;101;185
359;smtlaissezfaire;fixturereplacement;8;5;1;0;185;311;3;17;605
360;beastaugh;papertrail;4;5;0;3;41;21;0;8;633
361;whomwah;rqrcode;1;30;0;0;89;46;85;496;453
362;scrooloose;crondle;1;0;0;0;842;19;2;20;98
363;grundprinzip;slimtimercli;0;3;0;0;43;16;1;4;194
364;lak;puppet-old;1;0;0;0;125;15;16;91;20582
365;courtenay;altered_beast;9;2;0;0;171;10;126;543;1494
366;ryanb;static_actions;2;0;0;0;6351;95;2;39;91
367;cannikin;validator;0;1;0;0;17;1;1;3;199
368;alexvollmer;clip;1;0;0;0;60;8;2;17;166
369;dchelimsky;rspec-rails;0;18;0;1;587;7;72;778;17022
370;jochu;clojure-mode;0;3;0;0;55;0;13;192;867
371;dustin;py-backpack;0;2;0;0;687;19;3;7;271
372;rsl;acts_as_snook;1;0;0;0;49;9;8;109;132
373;joevandyk;monkeycharger;1;0;0;0;26;1;0;32;3929
374;ymendel;flac2mp3;0;1;0;0;150;1;3;15;210
375;djtal;ludomanager;0;2;0;0;11;15;0;2;23144
376;ap;gtk-chtheme;5;0;0;0;120;68;1;1;125
377;dgl;cgiirc;4;4;0;0;43;0;6;32;1137
378;jgm;markdown-peg;1;0;0;0;742;0;0;18;100
379;vito;chyrp;1;1;0;0;152;7;73;214;11619
380;jmettraux;rufus-decision;3;13;0;0;275;267;2;41;375
381;halfbyte;bookstr;1;0;0;0;120;6;0;3;404
382;dustin;photoupload;3;3;0;0;687;19;0;6;1024
383;IceskYsl;1stlog;1;0;0;0;223;22;0;3;1132
384;atduskgreg;rad;6;1;0;0;365;39;66;395;2429
385;justinfrench;formtastic;31;1134;4;117;261;44;573;4716;6654
386;mudge;jquery_example;1;14;0;0;56;15;19;111;586
387;jeremyevans;scaffolding_extensions;0;5;0;0;312;0;6;57;1359
388;jeremyevans;fixture_dependencies;0;12;0;0;312;0;15;28;284
389;jmettraux;rufus-rtm;1;2;0;0;275;267;3;18;186
390;tobie;pdoc;3;4;0;0;225;70;17;108;698
391;napcs;docbook;2;18;0;0;85;5;11;58;49345
392;greatseth;labeling-form-helper;0;3;0;0;42;26;1;11;281
393;dmeiz;numz;1;0;0;0;6;1;0;2;160
394;kumpera;dataflow;1;0;0;0;190;1;1;8;1995
395;acunote;acunote-shortcuts;0;1;0;0;0;0;4;23;191
396;jkk;eidogo;25;3;0;0;63;7;39;108;2660
397;crossblaim;campfire-theme-for-colloquy;1;8;0;0;37;17;17;30;286
398;daikini;matlab-ruby;2;4;0;0;8;1;9;35;321
399;daikini;octave-ruby;3;3;0;0;8;1;9;45;206
400;daikini;paysimple;1;0;0;0;8;1;1;6;97
401;kangax;protolicious;4;3;0;0;1372;17;19;133;277
402;Ramarren;png-read;0;5;0;0;45;1;3;15;151
403;kelvie;basket;12;6;0;0;8;4;40;98;17710
404;cyberfox;jbidwatcher;1;1;0;0;13;15;27;61;105192
405;deadprogram;frankie;1;0;0;0;166;0;20;143;86
406;al3x;lyrics;1;0;0;0;988;50;1;7;232
407;justinperkins;us-r32-registry;1;2;0;0;6;5;0;2;2016
408;keita;timeoutx;1;0;0;0;50;9;33;36;380
409;ianwhite;resources_controller;5;6;0;0;79;9;21;83;1311
410;slaskis;six3d;1;0;0;0;27;59;0;2;7740
411;kana;config;12;11;0;0;505;557;3;61;12049
412;danlucraft;redcar2;3;13;0;0;171;38;167;594;48660
413;ascarter;workling;1;0;0;0;33;35;79;5;91
414;mabj;tcc;1;0;0;0;11;0;0;2;5144
415;jmettraux;ruote;6;89;2;2;275;267;79;492;15415
416;dougal;daemon_generator;3;5;0;0;19;3;23;102;125
417;joshsmoore;androidmoney;1;0;0;0;14;0;0;2;100
418;keita;ruby-weatherhacks;1;0;0;0;50;9;0;2;370
419;jarkko;railsecommerce;1;1;0;0;16;0;3;7;728
420;tomtt;schema-browser;2;0;0;0;18;12;1;33;960
421;dustin;py-github;14;52;0;0;687;19;36;137;363
422;jmesnil;jmx4r;3;7;0;0;55;0;11;69;428
423;russ;gosu-tetris;1;0;0;0;34;12;0;3;987
424;thoughtbot;paperclip;125;1866;0;0;0;0;1586;7247;10720
425;fjolnir;DatabaseKit;1;13;0;0;121;40;34;386;10928
426;toland;app_version;0;6;0;0;54;38;17;36;210
427;rails;rails;901;20608;0;0;0;0;11082;27596;450702
428;cyu;beast_iphone_plugin;1;0;0;0;31;7;1;11;568
429;OwlManAtt;activephp;0;1;0;0;11;10;2;8;286
430;relevance;etc;0;3;0;0;0;0;13;144;430
431;jchris;appdrop;1;0;0;0;518;42;3;37;724
432;vboctor;disposable_email_checker;1;5;0;0;30;30;10;21;315
433;pilu;radiant-gallery;1;4;0;0;139;0;25;72;451
434;DAddYE;lipsiadmin;0;3;0;0;167;23;9;110;4692
435;TTimo;dupinanny;0;2;0;0;419;26;13;38;147
436;guitsaru;rbvimeo;0;2;0;0;37;40;5;19;365
437;OwlManAtt;itorrent;0;1;0;0;11;10;0;7;456
438;icefox;arora;1;0;0;0;97;0;118;70;6889
439;zippy;metaform;0;1;0;0;26;7;1;13;2008
440;ambethia;recaptcha;26;113;0;0;97;50;196;961;927
441;xaviershay;enki;3;95;0;0;429;13;285;828;13367
442;nofxx;xxpub;0;1;0;0;94;53;1;2;1518
443;ivey;carpark;1;0;0;0;60;2;2;7;82
444;bricooke;tickspot-ruby;1;0;0;0;30;6;3;7;149
445;jezdez-archive;django-mobileadmin;4;0;0;0;0;0;13;121;248
446;conanite;rainbow;1;0;0;0;8;6;1;43;1253
447;ncr;background-fu;3;1;0;0;52;59;14;100;192
448;twpayne;igc2kmz;2;7;0;0;63;13;6;16;7882
449;mbleigh;mash;2;1;0;0;559;32;9;64;309
450;rowland;fb;3;41;0;0;16;2;14;46;443
451;rowland;fb_adapter;0;5;0;0;16;2;2;23;547
452;Squeegy;rails-settings;7;1;0;0;30;0;21;222;302
453;mateusza;windowizer;0;1;0;0;1;5;1;3;120
454;jmettraux;ruote-rest;1;5;0;0;275;267;3;20;652
455;tra;spawnling;5;47;0;0;9;3;90;330;545
456;jashkenas;ruby-processing;1;123;0;0;8163;0;92;1154;122996
457;rpheath;navigation_helper;1;2;0;0;29;3;18;108;164
458;mattfoster;gnuplot-tmbundle;0;1;0;0;20;1;10;14;400
459;llimllib;pymag-trees;0;2;0;0;134;113;6;35;383
460;pat;thinking-sphinx;24;923;0;31;335;13;448;1436;8435
461;rubiety;jazz_model;0;3;0;0;91;30;17;162;971
462;salvator;rc;2;0;0;0;1;0;1;3;139
463;phpwax;wildfire;5;152;0;0;30;0;1;13;15551
464;thoughtbot;shoulda;10;247;0;47;0;0;185;1823;1998
465;steppicrew;rabak;7;2;0;0;1;0;0;4;1837
466;cardmagic;shipping;3;0;0;0;138;9;21;45;184
467;jnicklas;feed_me;0;2;0;0;658;7;5;42;225
468;thepatrick;cheetahwatch;1;7;0;0;21;6;20;41;2644
469;medwards;free-library-on-rails;7;26;0;0;11;1;5;10;1645
470;pat;riddle;1;93;0;0;335;13;62;136;2995
471;flogic;object_daddy;2;3;0;0;0;0;19;113;2444
472;tenderlove;icanhasaudio;1;1;0;0;4441;19;7;20;301
473;flogic;nihilist_bot;1;1;0;0;0;0;5;8;420
474;joshuar;ephemeral-gentoo-overlay;1;3;0;0;4;4;1;6;1824
475;rock-core;autobuild;2;22;0;0;0;0;6;7;1860
476;xforty;flat_filer;0;1;0;0;0;0;3;6;292
477;evocateur;wp-facebox;1;0;0;0;28;33;0;3;112
478;mynyml;attachment_fu_fixtures;1;0;0;0;135;71;1;16;108
479;sroccaserra;emacs;0;3;0;0;6;11;2;9;191
480;assaf;labnotes;0;1;0;0;322;57;0;7;2372
481;Empact;amazon-associates;1;0;0;0;83;53;1;10;331
482;drnic;copy-as-rtf-tmbundle;2;2;0;0;1448;13;8;208;113
483;markbates;gemstub;0;1;0;0;220;0;1;5;179
484;zargony;activerecord_symbolize;0;1;0;0;11;6;41;35;145
485;nfirvine;pymanymouse;1;0;0;0;4;1;0;2;120
486;fiveruns;data_fabric;2;0;0;0;67;0;45;211;260
487;cucumber;cucumber-ruby;41;870;0;0;0;0;1052;4888;26584
488;typus;typus;50;453;0;0;0;0;227;1033;13382
489;abedra;mpi-ruby;2;2;0;0;227;1;6;32;378
490;rpheath;input_css;0;1;0;0;29;3;3;42;168
491;mde;fleegix-js-javascript-toolkit;1;0;0;0;377;10;2;15;1196
492;rmm5t;insert-time.el;0;1;0;0;230;35;2;4;111
493;rmm5t;maxframe.el;0;9;0;0;230;35;21;40;274
494;TekNoLogic;mountme;0;1;0;0;0;0;0;2;160
495;PeterBengtson;json-rpc-1-1;0;4;0;0;3;3;14;54;236
496;norman;friendly_id;18;678;0;0;204;32;408;3653;6168
497;ELLIOTTCABLE;git-blog;0;5;0;0;275;683;12;105;250
498;sparklemotion;mechanize;20;419;0;0;0;0;329;2652;4686
499;TekNoLogic;Buffet;0;25;0;0;0;0;11;13;517
500;lazyatom;engines;0;1;0;0;126;17;27;177;695
501;TekNoLogic;StealYourCarbon;1;12;0;0;0;0;5;13;248
502;schacon;grit;1;0;0;0;10401;21;46;149;2796
503;paltman;pyvimeo;0;1;0;0;188;69;2;17;97
504;draganbabic;uni-form;3;18;0;0;17;3;67;468;1279
505;Empact;validates_email_veracity_of;0;1;0;0;83;53;5;52;1733
506;deepakjois;gchartrb;1;1;0;0;44;7;20;110;199
507;rsim;ruby-plsql;14;75;0;3;107;0;38;95;1116
508;kjk;tinypy-kjk;0;1;0;0;182;10;2;17;169
509;infused;retrospect-gds;0;2;0;0;12;4;2;6;7954
510;rmcafee;amazon-web-service-manager;1;0;0;0;14;10;0;1;556
511;halorgium;nbu2vcard;0;1;0;0;140;6;1;4;85
512;TekNoLogic;teksLoot;0;22;0;0;0;0;6;18;229
513;santana;ruby-informix;0;1;0;0;7;0;9;11;376
514;bruce;rtex;2;1;0;0;118;15;25;58;1813
515;planetbeing;libdmg-hfsplus;7;4;0;0;536;5;29;60;32496
516;mhl;cryptic-crossword-indicators-and-abbreviations;0;1;0;0;50;0;2;9;232
517;hadley;profr;7;6;0;0;4399;7;5;25;322
518;jasonroelofs;rbgccxml;0;15;0;1;50;13;6;28;583
519;jasonroelofs;rbplusplus;0;20;0;3;50;13;4;51;1151
520;sparklemotion;csspool;4;62;0;3;0;0;12;65;1094
521;tapajos;brazilian-rails;8;69;0;0;548;6;100;297;1633
522;joshfrench;rakismet;6;33;0;0;34;7;39;317;578
523;stephencelis;timeframe;1;7;0;0;212;35;59;290;230
524;xenoterracide;dot_usr;0;1;0;0;20;1;0;2;612
525;twitter;kestrel;37;111;0;0;0;0;289;2662;249382
526;mojodna;oauth-proxy;1;4;0;0;252;115;10;114;162
527;ayb;chuckslist;2;0;0;0;7;2;21;71;2221
528;breakpointer;ajax-rdoc;1;0;0;0;72;16;2;55;164
529;pengwynn;ujs_sort_helper;1;1;0;0;874;343;10;11;116
530;grigio;xmp-manager;0;1;0;0;79;239;3;6;718
531;mootools;mootools-core;60;763;7;100;0;0;418;2176;13201
532;Shopify;active_shipping;28;283;4;4;0;0;321;590;6257
533;Shopify;cacheable;5;15;0;0;0;0;8;50;444
534;jgarber;redcloth;5;15;0;0;44;3;79;412;2188
535;britt;github-java;0;1;0;0;14;5;0;11;127
536;jmettraux;ruote-fluo;0;7;0;2;275;267;5;26;708
537;krobertson;dm-paperclip;5;29;0;0;53;6;50;102;494
538;keita;ruby-iso4217;1;0;0;0;50;9;3;5;90
539;yob;prawn;1;0;0;0;94;69;4;10;28847
540;speedmax;h2o-php;47;34;0;0;41;43;57;285;3814
541;bickfordb;haskell-taglib;2;0;0;0;32;32;2;5;98
542;vitaly;lazyeval;1;1;0;0;21;1;3;7;208
543;xjunior;milx;0;1;0;0;21;10;1;5;871
544;wfarr;rcirc-notify-el;0;1;0;0;248;33;4;5;119
545;alsemyonov;annotate_models;1;0;0;0;47;146;17;54;148
546;herrtreas;rspactor;0;4;0;0;36;11;15;71;42645
547;jmazzi;dns-control;1;0;0;0;69;49;15;38;1202
548;dsabanin;models-to-sql-rails-plugin;1;0;0;0;27;24;2;8;87
549;felipec;msn-pecan;0;1;0;0;104;20;7;36;2149
550;jasonroelofs;gccxml_gem;0;3;0;0;50;13;3;10;99996
551;netphase;aaap;1;1;0;0;4;3;5;32;144
552;amikula;promotego-org;4;0;0;0;37;29;6;15;4048
553;svenax;bagpipemusic;0;2;0;0;10;1;4;17;606
554;jkramer;shell-fm;27;62;0;0;42;13;37;218;2111
555;pezra;rspec-mode;6;122;0;0;31;1;74;153;820
556;mattb;identity-matcher;1;0;0;0;265;153;2;69;113
557;ianwhite;garlic;1;0;0;0;79;9;2;37;189
558;brosner;bosnobot;3;1;0;0;572;109;26;54;195
559;kballard;osx-plist;0;1;0;0;279;17;4;25;132
560;hadley;crantastic;12;42;1;1;4399;7;9;32;6563
561;defunkt;choice;0;15;0;0;14614;208;20;164;446
562;tominsam;shelf-python;0;2;0;0;91;5;3;20;1449
563;rakuto;jrails_in_place_editing;2;0;0;0;11;1;20;77;78
564;hank;life;0;2;0;0;30;6;7;10;5149
565;drnic;github-badges;6;1;0;0;1448;13;22;107;278
566;nesquena;cap-recipes;4;5;0;0;473;85;30;381;600
567;TekNoLogic;Panda;3;73;0;0;0;0;16;27;944
568;jezdez-archive;limechat-whisper;0;1;0;0;0;0;9;8;438
569;igorgue;git-sharp;0;1;0;0;70;296;3;12;476
570;mattetti;googlecharts;26;51;0;0;703;6;107;679;474
571;TekNoLogic;Engravings;1;9;0;0;0;0;2;9;9809
572;masatomo;nnn;0;2;0;0;12;0;0;1;76
573;beppu;squatting;3;1;0;0;93;206;4;32;1911
574;motemen;git-vim;20;7;0;0;300;137;78;590;146
575;tim;erlang-beanstalk;1;1;0;0;77;65;13;26;163
576;thinkerbot;tap;11;7;0;0;13;0;0;19;5192
577;motemen;jusk;0;1;0;0;300;137;0;7;313
578;dustin;memcached;0;1;0;0;687;19;2;123;9569
579;jmckible;version_fu;2;9;0;0;6;0;19;112;1129
580;dan-manges;unit-record;3;1;0;0;75;40;5;107;403
581;jedbrown;spectral-petsc;1;0;0;0;63;0;4;2;159
582;gaubert;java-balivernes;0;1;0;0;25;16;1;2;10241
583;thinkerbot;hansen_lab;1;0;0;0;13;0;0;1;176
584;TwP;webby;7;3;0;0;165;8;53;277;1389
585;ianwhite;nested_has_many_through;5;1;0;0;79;9;24;140;326
586;viking;r-yaml;9;15;0;0;19;8;2;19;615
587;lifedraft;dhonishow;0;5;0;0;5;7;1;5;1057
588;zodttd;gameboy4iphone;1;0;0;0;201;3;11;31;573
589;zodttd;snes4iphone;1;0;0;0;201;3;8;36;1511
590;jomz;radiant-wym-editor-filter-extension;1;7;0;0;38;12;10;31;1096
591;pjhyett;github-services;0;3;0;0;8071;34;52;420;2256
592;jzting;foodfinder;0;2;0;0;10;9;0;1;216
593;royzhu;test;1;0;0;0;0;0;2;2;113
594;svenfuchs;safemode;3;10;0;0;531;85;10;41;243
595;commondream;rcov_plugin;2;0;0;0;86;8;12;29;139
596;douglasjarquin;ruby-haml-tmbundle;0;2;0;0;25;55;13;67;83
597;eric;sevenscale-scout-plugins;1;0;0;0;178;43;0;5;104
598;magnusjonsson;microtracker;3;0;0;0;1;1;0;1;184
599;typester;www-favicon;1;0;0;0;411;141;1;3;92
600;Caged;lighthouse-api;11;4;0;0;771;33;35;104;208
601;timcharper;railswhere;1;0;0;0;129;24;1;15;153
602;madrobby;scripty2;23;16;0;0;2056;14;57;520;10621
603;ianwhite;response_for;0;2;0;0;79;9;1;16;315
604;redinger;validation_reflection;6;7;0;0;58;7;19;314;143
605;lak;facter;0;1;0;0;125;15;6;32;1248
606;arya;tm_syntax_highlighting;0;1;0;0;106;14;4;62;116
607;weavejester;compojure;4;139;1;2;628;6;186;2608;7821
608;juanger;rorgate;1;0;0;0;30;28;0;3;5440
609;TwP;bones;7;38;0;0;165;8;22;110;773
610;osteele;jquery-profile;1;2;0;0;235;0;8;35;353
611;Singletoned;wiseguy;1;0;0;0;16;6;2;1;1470
612;bert;libdxf;8;18;5;4;14;28;6;19;8654
613;jvoorhis;lucene_query;1;0;0;0;65;13;6;13;92
614;collectiveidea;migration_test_helper;7;0;0;0;0;0;5;4;115
615;mheath;adbcj;1;2;0;0;17;0;21;95;1577
616;jamtur01;puppet_old;0;3;0;0;484;11;3;22;20440
617;mislav;hanna;20;12;1;3;1673;20;31;229;850
618;jmhodges;rfeedparser;1;1;0;0;242;33;13;59;985
619;infused;dbf;5;63;0;2;12;4;49;144;1495
620;mallipeddi;django-pipes;3;0;0;0;48;19;6;52;538
621;robmckinnon;twfynz;0;1;0;0;69;32;4;7;2209
622;joshuamiller;flotilla;1;0;0;0;20;0;10;63;128
623;jrray;gotefarm;1;0;0;0;0;0;0;2;660
624;TekNoLogic;controlfreak;0;3;0;0;0;0;0;9;332
625;jmhodges;rchardet;4;23;0;0;242;33;54;105;2354
626;jgm;peg-markdown;13;21;0;0;742;0;114;446;558
627;djwonk;method_trails;2;0;0;0;12;11;1;6;174
628;KirinDave;fuzed;3;0;0;0;268;8;20;274;1406
629;santana;activerecord-informix-adapter;5;0;0;0;7;0;6;8;129
630;topfunky;google-checkout;0;7;0;0;1081;199;20;64;299
631;urubatan;gedit_formatter;1;0;0;0;104;3;1;16;80
632;tjackiw;acts_as_solr;1;0;0;0;19;1;64;104;8623
633;jqr;has_one_autocreate;1;0;0;0;106;73;5;11;96
634;mislav;shrubbery;0;1;0;0;1673;20;0;11;136
635;jsmecham;CalendarView;9;0;0;0;32;15;25;57;123
636;swdyh;autopagerize;4;8;0;0;177;57;16;104;330
637;pehlert;ruby-tilecache;4;0;0;0;3;3;4;9;148
638;georgious;cakephp-yaml-migrations-and-fixtures;0;2;0;0;9;2;6;36;152
639;arya;simple_nav;2;0;0;0;106;14;2;15;96
640;dokai;hexagonit-swfheader;2;1;0;0;13;1;3;3;114
641;brennandunn;configurator;3;1;0;0;51;7;5;20;189
642;spoike;doodle;1;0;0;0;112;23;1;3;400
643;rsim;oracle-enhanced;52;657;0;0;107;0;213;405;6884
644;dbgrandi;ruby-aws;1;1;0;0;45;16;7;13;160
645;jcoglan;svn2git;0;1;0;0;796;67;276;54;106
646;purcell;darcs-to-git;2;20;0;0;842;26;20;71;244
647;purcell;airspeed;3;18;0;0;842;26;15;13;478
648;arunthampi;activecouch;4;0;0;0;73;19;9;109;777
649;Industrial;linux-configfiles;1;0;0;0;36;45;1;0;771
650;dbr;tvdb_api;7;43;0;0;94;39;49;224;996
651;jkk;goleague;1;0;0;0;63;7;2;4;117
652;cardmagic;classifier;15;9;0;0;138;9;117;526;236
653;carlism;varanidae;1;0;0;0;29;38;0;2;4845
654;mysmallidea;radiant-comments;0;7;0;0;15;13;41;43;810
655;pdeffendol;spatial_adapter;15;24;1;5;6;0;105;214;648
656;telmich;gpm;4;2;0;0;27;14;4;9;3407
657;caius;php-faker;2;0;0;0;125;135;19;47;148
658;kr;beanstalk-client-ruby;1;22;0;0;624;22;22;70;288
659;cainlevy;semantic-attributes;0;3;0;0;55;0;8;23;394
660;wycats;textmate;9;7;0;0;6559;3;20;163;198
661;lawrencepit;exception_logger;1;0;0;0;12;6;1;2;110
662;tslocum;kumo;0;3;0;0;14;2;6;9;323
663;jarib;celerity;17;46;0;0;179;103;40;218;64917
664;ccdevnet;openc2e;2;0;0;0;4;0;10;21;9945
665;nmariz;xmlgenerator;1;0;0;0;29;56;1;6;454
666;jasonroelofs;ogrerb;0;1;0;0;50;13;6;41;13008
667;ryanb;nifty-generators;67;100;0;0;6351;95;308;2049;807
668;schleyfox;peach;5;5;0;0;54;12;9;76;146
669;drnic;dr-nic-magic-models;1;1;0;0;1448;13;7;23;563
670;jamtur01;redmine_tab;6;11;0;0;484;11;22;45;182
671;ctcherry;modalbox_confirm;0;3;0;0;20;8;3;21;127
672;weppos;www-delicious;22;2;1;0;188;2;17;66;634
673;eml;java-mogilefs;1;0;0;0;6;6;10;17;603
674;shuber;curl;9;6;0;0;77;96;118;286;484
675;rdpeng;filehash;1;7;0;0;2259;3;31;11;778
676;erikhuda;thor;144;351;0;0;0;0;329;2927;6956
677;codahale;bcrypt-ruby;20;99;0;0;1233;0;122;788;679
678;edavis10;redmine-customer-plugin;3;1;0;0;373;0;31;61;188
679;awk;iontv;1;0;0;0;7;0;2;7;43611
680;mzp;scheme-abc;0;1;0;0;177;45;0;7;7772
681;Fingertips;passengerpane;21;55;0;0;0;0;43;630;11773
682;tuffy;python-audio-tools;34;17;0;0;3;0;29;100;28507
683;Shopify;liquid;39;611;0;0;0;0;495;3613;7997
684;mdeiters;semr;0;1;0;0;90;34;5;31;908
685;jwiegley;emacs-chess;8;1;0;0;459;0;7;31;9422
686;markoa;r2flickr;2;0;0;0;48;22;4;22;158
687;joshuamiller;cartographer;12;7;0;0;20;0;38;75;184
688;manveru;ramaze;1;8;0;0;194;18;61;221;10058
689;kernow;javascript_auto_include;1;0;0;0;22;7;11;19;108
690;TekNoLogic;Quecho;0;8;0;0;0;0;2;2;168
691;ryanb;railscasts;25;35;0;0;6352;95;193;756;1900
692;technolize;zsh-completions;1;1;0;0;19;71;0;15;104
693;judofyr;ruby-oembed;14;37;2;1;241;53;53;209;1510
694;caillette;novelang;40;85;5;24;2;0;0;0;51808
695;duritong;puppet-nagios;0;8;0;0;89;106;22;48;624
696;paul;resourceful;2;3;0;0;50;3;9;67;701
697;relevance;tarantula;12;25;0;0;0;0;32;428;1406
698;alx;rfeedfinder;1;0;0;0;85;39;3;9;250
699;potionfactory;potionstore;3;3;0;0;70;0;37;341;8115
700;jkramer;post-fm;2;0;0;0;42;13;6;15;107
701;swdyh;quilt;1;2;0;0;177;57;5;50;204
702;maxlapshin;nmea;0;1;0;0;283;6;3;14;238
703;maxlapshin;exiv2;2;0;0;0;283;6;0;10;175
704;esobchenko;rest-google;2;0;0;0;2;0;4;6;131
705;esobchenko;cache-weak;1;0;0;0;2;0;2;2;110
706;jomz;radiant-tags-extension;4;25;0;0;38;12;28;38;385
707;rmm5t;strip_attributes;3;26;0;0;230;35;33;156;622
708;raggi;github_post_receive_server;0;5;0;0;338;82;37;96;122
709;github-archive;albino;6;8;0;0;0;0;28;231;156
710;github-archive;jquery-hotkeys;0;1;0;0;0;0;16;100;105
711;github-archive;jquery-relatize_date;0;5;0;0;0;0;19;113;209
712;carlosbrando;autotest-notification;6;15;0;0;509;32;29;194;1941
713;psychs;cocoaoniguruma;2;7;0;0;325;49;17;84;1410
714;naoya;mapreduce-lite;1;0;0;0;975;29;2;17;131
715;mislav;dotfiles;3;8;0;0;1673;20;58;405;845
716;penso;actionmailer_x509;2;0;0;0;61;87;6;7;88
717;alx;pressmark;0;1;0;0;85;39;10;45;5902
718;duritong;puppet-munin;1;48;0;0;89;106;35;26;1320
719;jkriss;monomic;0;1;0;0;38;0;1;12;9224
720;ctagg;flickr;0;3;0;0;3;1;29;76;135
721;rmm5t;dotfiles;0;6;0;0;230;35;76;272;1408
722;puls;tournament-director;20;5;2;1;66;13;2;8;3462
723;mk;reports_as_sparkline;0;1;0;0;15;22;7;36;682
724;marc-lorber;oregano;20;1;0;0;7;0;15;84;3206
725;TekNoLogic;teknicolor;0;6;0;0;0;0;0;4;186
726;markcatley;responds_to_parent;2;5;0;0;10;3;39;85;133
727;technomancy;dotfiles;0;1;0;0;1290;0;8;130;11726
728;zerowidth;iphone_data;0;1;0;0;127;2;0;3;108
729;gerhard;glz_custom_fields;1;5;0;0;87;38;5;21;1894
730;ruby;bugs.ruby-lang.org;19;42;0;0;0;0;10;38;107523
731;TekNoLogic;Kennel;0;13;0;0;0;0;1;6;228
732;janne;dotfiles;0;2;0;0;12;3;2;5;1007
733;ctagg;ebay_shopping;0;1;0;0;3;1;5;20;189
734;Constellation;ldrfullfeed;0;4;0;0;418;189;4;18;443
735;steveicarus;iverilog;6;72;0;0;48;0;52;246;25975
736;timburks;programmingnu;0;1;0;0;361;16;7;35;1401
737;jeresig;processing-js;1;13;0;0;10516;29;605;1717;41943
738;duplys;git-issues;7;14;0;0;4;11;37;227;230
739;ledger;ledger;5;349;0;0;0;0;201;1284;17802
740;geemus;acts_as_taggable_redux;0;10;0;0;364;34;18;96;165
741;esobchenko;probix;8;35;0;0;2;0;0;4;524
742;zodttd;psx4all;1;0;0;0;201;3;20;36;2277
743;kovyrin;magic-enum;1;2;0;0;96;34;8;29;220
744;tekkub;libdatabroker-1-1;0;1;0;0;5532;91;13;35;409
745;jfernandez;cj4r;1;0;0;0;27;5;2;15;233
746;frabcus;acts_as_xapian;4;0;0;0;99;19;30;129;1312
747;drnic;ruby-shoulda-tmbundle;1;0;0;0;1448;13;24;92;133
748;timmow;vimrc;0;1;0;0;21;25;0;2;636
749;Shopify;active_fulfillment;6;53;0;0;0;0;37;93;1312
750;chrisvest;nanopool;0;17;0;6;55;44;1;6;728
751;hirose31;ganglia-gmetric-xs;0;1;0;0;190;145;1;4;302
752;technomancy;rinari;1;2;0;0;1290;0;81;65;434
753;gabriel;as3httpclient;11;1;0;0;284;37;78;244;2488
754;oakridgelanl;materialized-path;1;0;0;0;1;0;1;5;90
755;carlosbrando;poignant-br;0;1;0;0;509;32;30;76;17037
756;chrislloyd;gravtastic;5;32;0;0;152;214;55;547;427
757;jruby;jruby-rack;11;185;0;0;0;0;121;386;10256
758;ryanb;railscasts-episodes;14;10;0;0;6352;95;615;812;10799
759;wrobel;pardalys;1;0;0;0;19;46;1;14;1033
760;theRocket;typo;1;0;0;0;4;3;0;1;4847
761;kbingman;radiant-tags-extension;1;0;0;0;26;0;0;2;185
762;sesam;z2;0;1;0;0;13;9;0;1;560
763;TomK32;mephisto-themes;1;0;0;0;70;73;0;4;160
764;nazar;git-rails-plugins;0;2;0;0;15;10;2;14;234
765;kenegozi;monorail-aspview-demo;1;0;0;0;14;0;1;4;2333
766;protocool;ack-tmbundle;4;1;0;0;40;0;33;302;501
767;cainlevy;components;0;1;0;0;55;0;3;25;155
768;manveru;nagoro;0;2;0;0;194;18;2;11;312
769;ryan-allen;workflow;3;1;0;0;104;101;171;213;282
770;btakita;rr;27;73;12;8;61;52;71;530;2843
771;blynn;netwalk;1;1;0;0;64;0;4;5;750
772;blynn;gitmagic;6;34;0;0;64;0;457;879;2830
773;siannopollo;mail_fetcher;2;0;0;0;8;5;4;35;137
774;oneup;guide-to-zen;1;0;0;0;23;14;0;1;716
775;haruska;polymorphic_include;0;2;0;0;32;15;3;20;113
776;olsonjeffery;boolangstudio;3;0;0;0;20;3;9;32;29767
777;planetbeing;xpwn;4;3;0;0;536;5;155;243;33346
778;aeden;rsaml;2;0;0;0;133;3;9;27;187
779;tekin;file_column;3;1;0;0;51;14;31;45;383
780;dojosp;participant-s-projects;0;3;0;0;23;0;2;28;5115
781;ntalbott;radiant-reorder-extension;0;1;0;0;92;36;0;3;108
782;josevalim;easy_http_cache;1;1;0;0;4006;24;5;76;647
783;front-end;front-end-blender;0;1;0;0;0;0;1;6;2104
784;tim;erlang-oauth;2;23;0;0;77;65;90;270;837
785;activewarehouse;rails_sql_views;13;2;0;0;0;0;132;141;257
786;activewarehouse;activewarehouse;2;1;0;0;0;0;43;190;1414
787;activewarehouse;adapter_extensions;4;0;0;0;0;0;18;23;164
788;grantneufeld;wayground-old;1;0;0;0;5;4;0;6;3092
789;mallipeddi;django-taskforce;1;0;0;0;48;19;0;32;96
790;erector;erector;33;33;0;0;0;0;43;201;3936
791;DanielVF;d-time-tracker;0;2;0;0;5;2;5;7;130
792;pivotalexperimental;desert;12;0;0;0;31;0;31;187;2773
793;drnic;hobo-tmbundle;1;0;0;0;1448;13;3;18;786
794;duritong;puppet-common;0;2;0;0;89;106;50;17;288
795;jongilbraith;simple-private-messages;7;21;0;0;26;26;51;207;319
796;natan;gspell;1;0;0;0;54;7;3;7;110
797;mattetti;i18n;4;1;0;0;703;6;221;30;1361
798;sr;atom-tools;1;0;0;0;426;157;7;9;277
799;pragdave;codex;1;1;0;0;264;0;11;62;388
800;wonsys;acts_as_fulltextable;1;0;0;0;2;0;1;10;99
801;yyyc514;solowiki;1;0;0;0;50;4;0;3;208
802;hadley;evaluate;7;47;0;0;4399;7;9;20;601
803;fenrrir;geditpycompletion;4;0;0;0;28;1;52;76;398
804;cmaxw;rubytrends;1;0;0;0;197;8;0;2;2416
805;cypher;thor-git;0;1;0;0;180;41;5;38;122
806;Ruleby;ruleby;17;7;0;0;0;0;35;266;1987
807;mateusza;algorytmy-przeszukiwania-przestrzeni;1;0;0;0;1;5;0;1;144
808;lsegal;yard-tmbundle;1;0;0;0;314;0;5;9;133
809;cjbottaro;param_protected;5;7;0;0;13;0;12;88;173
810;timcharper;bundle-fu;3;0;0;0;129;24;19;82;317
811;isabanin;viddler;2;0;0;0;30;6;10;21;132
812;yokote;test2;1;0;0;0;1;2;1;2;105
813;mth;yeti;3;13;0;0;15;1;8;129;9059
814;fabien;im_magick;2;1;0;0;26;12;2;27;444
815;cristibalan;dotfiles;1;0;0;0;65;35;2;8;947
816;hadley;ggplot2-book;9;74;0;0;4399;7;87;193;29282
817;stouset;pathname3;0;1;0;0;34;0;2;13;207
818;cjbottaro;app_config;3;3;0;0;13;0;23;104;119
819;topfunky;ruby-hmac;1;1;0;0;1081;199;8;41;128
820;cainlevy;recordselect;2;1;0;0;55;0;30;44;186
821;smtlaissezfaire;cap_db_dump;1;1;0;0;185;311;2;8;161
822;jebw;redbox;3;0;0;0;3;1;7;18;91
823;geemus;googleajax;3;2;0;0;364;34;9;54;166
824;alltom;ruck;5;1;0;0;74;10;0;27;372
825;jsierles;js_named_routes;1;0;0;0;127;0;11;37;100
826;jamesu;railscollab;0;6;0;0;70;21;73;264;4561
827;hotchpotch;rascut;0;4;0;0;390;48;7;25;178
828;Pistos;diakonos;20;46;10;4;102;0;12;106;3321
829;copyhacker;backup_fu;3;0;0;0;20;17;23;99;234
830;activemerchant;active_merchant;75;1789;0;0;0;0;1761;3148;36071
831;jnewland;san_juan;3;1;0;0;413;84;18;76;157
832;bsag;tracks-old;0;27;0;0;30;0;214;409;20538
833;mkdynamic;active-record-matchers;0;1;0;0;78;29;0;4;117
834;pluskid;rmmseg-cpp;4;0;0;0;479;0;32;131;920
835;dsparling;jclock;2;10;0;0;13;38;33;64;411
836;rtomayko;rpeg-markdown;4;0;0;0;1791;100;12;34;625
837;jandot;ruby-ensembl-api;5;8;0;0;79;11;15;39;4051
838;gnufied;backgroundrb;6;4;0;0;117;96;41;220;2024
839;ambethia;smtp-tls;1;0;0;0;97;50;12;48;138
840;activescaffold;active_scaffold;16;425;0;0;0;0;277;878;13121
841;haikuwebdev;aftimagr;0;1;0;0;4;0;2;12;144
842;activescaffold;active_scaffold_sortable;4;5;0;0;0;0;19;53;368
843;granth;titleize;3;8;0;0;6;10;24;38;292
844;tbueno;delicious-ext;0;1;0;0;45;8;0;3;120
845;luislavena;win32console;4;14;3;4;248;7;9;21;175
846;sebasmagri;portage;0;1;0;0;65;89;1;1;219
847;timcharper;calendar_date_select_demo;1;0;0;0;129;24;13;31;169
848;activescaffold;file_column;1;0;0;0;0;0;4;22;319
849;kjk;web-arslexis;0;1;0;0;182;10;0;1;32232
850;activescaffold;active_scaffold_demo;0;1;0;0;0;0;6;15;4567
851;trondn;memcached;5;0;0;0;96;5;6;28;3258
852;dustin;snippets;0;1;0;0;687;19;5;28;12371
853;Pistos;m4dbi;0;4;0;0;102;0;0;19;435
854;sproutit;sproutcore;1;7;0;0;0;0;70;489;37814
855;sproutit;sproutcore-samples;7;3;0;0;0;0;34;235;6807
856;bterlson;reddit;1;3;0;0;133;11;9;24;132
857;samuel;lua-quadtree;1;0;0;0;98;20;3;8;88
858;niklas;vimmate;6;1;0;0;22;25;2;20;956
859;vicaya;hypertable;1;0;0;0;9;1;88;76;57719
860;bjeanes;tv-renamer;0;4;0;0;168;72;6;19;122
861;sjlombardo;acts_as_network;1;2;0;0;35;3;18;107;92
862;suratpyari;blogging_app;1;0;0;0;4;1;0;1;3960
863;nuggetwheat;hypertable;0;1;0;0;13;1;21;52;99324
864;Spakman;jobby;1;1;0;0;26;18;2;12;584
865;xlymian;git;1;0;0;0;8;18;11;5;13322
866;evanfarrar;opensprints;37;51;0;0;51;88;14;35;32196
867;gslin;albumexpander;0;1;0;0;104;0;0;1;118
868;jnicklas;templater;4;3;0;0;658;7;8;46;594
869;djcp;radiant-fckeditor;5;0;0;0;38;5;13;45;1167
870;francois;clitt;1;0;0;0;72;2;0;13;117
871;samsouder;titlecase;2;1;0;0;17;31;7;22;114
872;walf443;rack-auth-ip;0;3;0;0;174;333;4;6;213
873;planetbeing;iphonelinux;10;7;0;0;536;5;90;343;9953
874;grosser;acts_as_searchable;0;1;0;0;283;7;0;5;252
875;tablatom;rubydoctest;11;5;0;0;68;1;11;85;350
876;vanto;trac-cc;1;0;0;0;31;40;0;1;108
877;death;reddit-mode;1;3;0;0;19;8;12;34;139
878;apeiros;breezeforms;1;0;0;0;50;6;0;6;132
879;mislav;standardista;1;1;0;0;1673;20;2;24;134
880;lukebayes;project-sprouts;4;71;0;0;82;55;41;216;38436
881;petertodd;alternate-pace;1;0;0;0;262;0;0;1;4496
882;mojombo;egitd;1;0;0;0;18380;11;17;90;270
883;lutzky;ttime;17;7;0;0;13;8;8;10;15330
884;hadley;ggplot2;34;1291;0;124;4399;7;507;1436;26480
885;bert;pcb-plugins;2;0;2;0;14;28;2;8;1307
886;yasuhito;bf;0;11;0;0;25;35;0;1;448
887;pokeb;php-mvc-router;0;1;0;0;451;3;24;72;113
888;drnic;github-tmbundle;12;9;0;0;1448;13;37;235;311
889;makkalot;func;1;0;0;0;10;7;3;13;1769
890;madx;merb-todolist;1;0;0;0;49;44;0;2;148
891;bricooke;backpack-journal;0;1;0;0;30;6;3;8;396
892;schleyfox;ruby_kml;10;2;0;0;54;12;26;53;189
893;crafterm;twilight-emacs;2;5;0;0;130;106;13;92;214
894;raykrueger;hibernate-memcached;5;11;0;0;35;18;85;107;581
895;captproton;caboo.se-sample-app-v3;1;0;0;0;8;22;0;4;2000
896;mkllnk;gedit-rails-extensions;0;2;0;0;1;2;4;43;393
897;wharsojo;w2tags;1;0;0;0;13;0;2;13;1164
898;Mikachu;openbox;0;2;0;0;8;0;7;30;33837
899;solars;github-vim;1;13;0;0;2;3;12;38;234
900;bostonrb;bostonrb;11;162;0;0;0;0;72;206;18275
901;sebnow;aur2;5;2;2;2;13;17;3;10;322
902;tma;html_helpers;4;1;0;0;7;2;4;12;427
903;sbecker;github_editor_theme;3;4;0;0;40;23;46;111;129
904;travis;erlang-uuid;5;5;0;0;46;9;49;61;283
905;dustin;elock;1;0;0;0;687;19;12;55;114
906;azabaj;acts_as_rateable;1;1;0;0;18;7;37;160;81
907;mloughran;api_cache;4;17;0;0;54;1;25;298;300
908;duritong;puppet-yum;0;1;0;0;89;106;7;11;276
909;jandot;bio-graphics;1;0;0;0;79;11;5;22;1721
910;jlong;popupjs;1;3;0;0;218;8;12;56;1374
911;rails;account_location;0;1;0;0;0;0;12;70;148
912;sorbits;six;1;0;0;0;419;1;0;1;247
913;rails;acts_as_list;15;6;0;0;0;0;282;391;485
914;rails;acts_as_nested_set;2;0;0;0;0;0;11;66;77
915;luislavena;mysql-gem;5;26;1;2;248;7;16;38;433
916;rails;acts_as_tree;5;0;0;0;0;0;127;279;272
917;rails;auto_complete;13;0;0;0;0;0;75;219;344
918;rails;deadlock_retry;1;0;0;0;0;0;42;22;219
919;rails;exception_notification;10;5;0;0;0;0;436;886;292
920;rails;in_place_editing;5;0;0;0;0;0;50;232;275
921;rails;open_id_authentication;1;1;0;0;0;0;63;295;221
922;rails;scriptaculous_slider;1;0;0;0;0;0;8;15;90
923;rails;ssl_requirement;6;2;0;0;0;0;164;322;79
924;ljouglar;card-set;1;0;0;0;2;3;0;1;472
925;svenfuchs;routing-filter;10;47;0;0;531;85;65;356;516
926;nono;github_vim_theme;0;1;0;0;164;101;17;41;106
927;TwP;logging;13;109;0;0;165;8;62;352;1559
928;jmathai;epiphany;35;63;0;2;290;3;140;647;771
929;fiveruns;fiveruns_tuneup;3;0;0;0;67;0;9;62;789
930;reedlaw;myweblog;1;0;0;0;26;20;0;2;188
931;dokai;gitctl;1;0;0;0;13;1;1;9;381
932;neo4jrb;neo4j;106;849;1;23;0;0;172;911;50325
933;kbingman;paperclipped;33;10;0;0;26;0;68;133;1221
934;davetroy;geohash-js;6;0;0;0;46;2;71;273;109
935;davidfstr;rdiscount;4;126;0;0;25;4;70;740;1823
936;dsisnero;gdata-ruby;0;1;0;0;7;28;13;47;112
937;notahat;not_a_mock;2;0;0;0;143;5;3;47;116
938;kjk;fofou;1;3;0;0;182;10;38;175;1249
939;jerrett;rails_money;0;1;0;0;8;4;10;16;226
940;haruska;fb2twit;1;0;0;0;32;15;0;3;276
941;notahat;time_travel;1;0;0;0;143;5;3;33;131
942;eagleas;webmoney;4;21;0;0;1;0;23;38;600
943;ianwhite;truncate_html;1;2;0;0;79;9;11;53;291
944;awendt;hyggelig;1;7;0;0;21;22;0;4;1192
945;markusb;pdf-create;1;1;0;0;1;1;4;12;1021
946;chneukirchen;rack;0;10;0;0;485;1;5;471;2436
947;jlong;serve;23;107;0;0;218;8;96;836;8412
948;pjf;autodie;13;55;0;0;169;32;17;29;2192
949;pjf;ipc-system-simple;6;10;1;0;169;32;8;10;561
950;tkmr;as2js;1;0;0;0;5;14;1;4;92
951;ninjudd;record_cache;7;4;0;0;99;26;6;39;358
952;superchris;rubyjs;2;0;0;0;53;3;5;54;6149
953;seaofclouds;pop;2;0;0;0;126;24;21;49;165
954;davidB;scala-tools-parent;0;1;0;0;35;0;0;3;236
955;yariv;twoorl;1;0;0;0;98;2;12;80;454
956;davidB;scala-maven-plugin;25;145;0;0;35;0;62;223;6049
957;jhubert;ruby-date-recur;1;0;0;0;32;43;0;19;90
958;GUI;after_commit;2;0;0;0;31;0;41;44;132
959;WardCunningham;morse;0;3;0;0;603;3;7;25;2226
960;AntonyBlakey;smalltalk.tmbundle;0;1;0;0;3;0;2;12;86
961;matthewfallshaw;change_tempo;0;1;0;0;15;1;1;1;268
962;commonthread;flickr_fu;10;19;0;0;9;1;51;219;424
963;kevinclark;dust;1;1;0;0;72;4;4;67;710
964;cjbottaro;without_callbacks;2;0;0;0;13;0;1;11;90
965;adkron;sinatratumblog;0;1;0;0;59;17;0;3;108
966;ngerakines;erlang_twitter;4;1;0;0;256;74;27;118;189
967;adambair;fu-fu;2;1;0;0;72;54;13;63;1018
968;credmp;color-theme-arjen;0;2;0;0;4;11;1;9;252
969;bchiu;merb_forgery_protection;1;0;0;0;0;0;1;6;125
970;subwindow;negative-captcha;11;39;0;0;15;17;83;721;336
971;lackac;callout;1;0;0;0;39;14;0;8;120
972;zeuz;travian;0;1;0;0;0;0;0;1;96
973;myers;id3v2;1;1;0;0;6;7;8;13;230
974;rubyspec;rubyspec;13;302;0;0;0;0;245;667;21531
975;mutle;fu2;12;126;1;2;70;3;5;11;59426
976;acangiano;ruby-benchmark-suite;1;10;0;0;9;3;19;166;18500
977;maiha;dsl_accessor;1;0;0;0;100;12;1;6;159
978;rubyspec;mspec;15;51;0;0;0;0;43;85;1645
979;ukstudio;acts_as_bits;0;3;0;0;124;75;2;13;292
980;tenderlove;betabrite;1;0;0;0;4440;19;5;11;150
981;ariya;screenie;2;0;0;0;1316;0;8;26;1416
982;72squared;glu-php;0;1;0;0;8;4;0;7;2838
983;mbleigh;subdomain-fu;22;11;0;0;559;32;118;600;249
984;hoverbird;chance;0;1;0;0;312;119;1;7;270
985;edavis10;redmine;33;32;0;0;373;0;712;2325;67591
986;robmckinnon;rugalytics;0;2;0;0;69;32;12;115;501
987;yob;pdf-reader;58;90;0;0;94;69;138;787;13193
988;webmat;git_remote_branch;3;16;0;0;55;76;32;375;467
989;jstewart;system_messages;0;1;0;0;12;8;9;36;129
990;infews;amaz.infews;1;0;0;0;62;1;0;1;3904
991;mernen;json-jruby;2;8;0;2;14;3;2;23;516
992;kommen;quikiee;0;1;0;0;33;5;1;8;133
993;chrisa;ruby-dtrace;1;1;0;0;38;12;6;60;648
994;bdarcus;mysite;1;0;0;0;13;0;0;1;164
995;thoughtbot;factory_girl;75;733;0;25;0;0;748;4335;4317
996;cpjolicoeur;bb-ruby;0;35;0;0;42;10;46;107;595
997;elim;dotemacs;0;53;0;0;47;44;0;13;1484
998;edgarjs;ajaxful-rating;34;68;0;0;62;10;135;434;687
999;edgarjs;youtube-model;4;1;0;0;62;10;10;78;3223
